,name,date
0,男神与女神的罗曼史,(2007)
1,我想我爱我妻,(2007)
2,欧洲名导短片集,(2006)
3,红沙发,(2005)
4,三重间谍,(2004)
5,英国贵妇与法国公爵,(2001)
6,秋天的故事,(1998)
7,模范牙医,(1998)
8,夏天的故事,(1996)
9,人约巴黎,(1995)
10,大树、市长和文化馆,(1993)
11,El trio en mi bemoll,(1993)
12,冬天的故事,(1992)
13,春天的故事,(1990)
14,大众游戏,(1989)
15,女友的男友,(1987)
16,双姝奇缘,(1987)
17,绿光,(1986)
18,喝咖啡,(1986)
19,圆月映花都,(1984)
20,沙滩上的宝莲,(1983)
21,好姻缘,(1982)
22,Chassé-croisé,(1982)
23,飞行员的妻子,(1981)
24,洪布隆城的凯瑟琳,(1980)
25,Justocoeur,(1980)
26,帕西法尔,(1978)
27,O侯爵夫人,(1976)
28,出局：幽灵,(1972)
29,午后之爱,(1972)
30,出局：禁止接触,(1971)
31,克莱尔的膝盖,(1970)
32,慕德家一夜,(1969)
33,建筑师维克多·雨果,(1969)
34,La béton dans la ville,(1969)
35,路易斯·卢米埃尔,(1968)
36,与马拉美对话,(1968)
37,女收藏家,(1967)
38,蒙福孔的农妇,(1967)
39,我们时代的电影人：赛璐珞与大理石,(1966)
40,当代女大学生,(1966)
41,维克多·雨果：《沉思集》第五、六卷,(1966)
42,布里吉特与布里吉特,(1966)
43,德莱叶,(1965)
44,关于帕斯卡尔的对话,(1965)
45,拉布吕耶尔的人品格论,(1965)
46,帕西法尔，或格拉尔的故事,(1965)
47,塞万提斯的堂吉诃德,(1965)
48,埃德加·坡的精彩故事,(1965)
49,六大导演看巴黎,(1965)
50,变化的风貌,(1964)
51,18世纪的物理实验室,(1964)
52,我们时代的电影,(1964)
53,娜嘉在巴黎,(1964)
54,面包店的女孩,(1963)
55,苏姗娜的故事,(1963)
56,狮子星座,(1962)
57,夏洛和牛排,(1960)
58,所有的男生都叫派翠克,(1959)
59,维罗妮卡和她的笨学生,(1958)
60,克莱采奏鸣曲,(1956)
61,贝蕾妮丝,(1954)
62,流氓日记,(1950)
63,侯麦时刻,(2010)
64,新浪潮双杰,(2010)
65,道德故事的影像化,(2006)
66,《夏天的故事》拍摄记,(2005)
67,亨利·朗格卢瓦：电光魅影,(2004)
68,侯麦：铁证如山,(1994)
69,特吕弗：遗失的肖像,(1993)
